{"cameraMode":{"drawMode":0,"name":"Shaded","section":"Shading Mode"},"sceneLighting":true,"audioPlay":false,"sceneViewState":{"showFog":true,"showMaterialUpdate":false,"showSkybox":true,"showFlares":true,"showImageEffects":true,"showParticleSystems":true,"showVisualEffectGraphs":true,"m_FxEnabled":true},"in2DMode":false,"pivot":{"x":-135.85903930664063,"y":169.63548278808595,"z":-172.01617431640626},"rotation":{"x":-0.07436296343803406,"y":0.8761560320854187,"z":-0.1434715986251831,"w":-0.45413362979888918},"size":3.3870155811309816,"orthographic":false}