{"cameraMode":{"drawMode":0,"name":"Shaded","section":"Shading Mode"},"sceneLighting":true,"audioPlay":false,"sceneViewState":{"showFog":true,"showMaterialUpdate":false,"showSkybox":true,"showFlares":true,"showImageEffects":true,"showParticleSystems":true,"showVisualEffectGraphs":true,"m_FxEnabled":true},"in2DMode":false,"pivot":{"x":-149.59539794921876,"y":129.02328491210938,"z":262.9784851074219},"rotation":{"x":0.04322556406259537,"y":-0.9291070699691773,"z":0.11515215039253235,"w":0.34877052903175356},"size":4.824745178222656,"orthographic":false}