{"cameraMode":{"drawMode":0,"name":"Shaded","section":"Shading Mode"},"sceneLighting":true,"audioPlay":false,"sceneViewState":{"showFog":true,"showMaterialUpdate":false,"showSkybox":true,"showFlares":true,"showImageEffects":true,"showParticleSystems":true,"showVisualEffectGraphs":true,"m_FxEnabled":true},"in2DMode":false,"pivot":{"x":521.1912231445313,"y":339.9187927246094,"z":30.237197875976564},"rotation":{"x":-0.05278177186846733,"y":-0.011386769823729992,"z":0.0006018745480105281,"w":-0.9985399842262268},"size":459.9797058105469,"orthographic":false}