{"cameraMode":{"drawMode":0,"name":"Shaded","section":"Shading Mode"},"sceneLighting":true,"audioPlay":false,"sceneViewState":{"showFog":true,"showMaterialUpdate":false,"showSkybox":true,"showFlares":true,"showImageEffects":true,"showParticleSystems":true,"showVisualEffectGraphs":true,"m_FxEnabled":true},"in2DMode":false,"pivot":{"x":-177.1404571533203,"y":132.3455810546875,"z":187.00640869140626},"rotation":{"x":0.0019234820501878858,"y":-0.9968895316123962,"z":0.025735188275575639,"w":0.07464216649532318},"size":16.24576759338379,"orthographic":false}