{"cameraMode":{"drawMode":0,"name":"Shaded","section":"Shading Mode"},"sceneLighting":true,"audioPlay":false,"sceneViewState":{"showFog":true,"showMaterialUpdate":false,"showSkybox":true,"showFlares":true,"showImageEffects":true,"showParticleSystems":true,"showVisualEffectGraphs":true,"m_FxEnabled":true},"in2DMode":false,"pivot":{"x":-147.28236389160157,"y":125.67143249511719,"z":86.71385955810547},"rotation":{"x":0.05272092670202255,"y":-0.9264874458312988,"z":0.14174063503742219,"w":0.3446197211742401},"size":13.191487312316895,"orthographic":false}